model,MAE,RMSE
Linear Regression,444.68099110748875,587.1281374406525
Random Forest,199.18879229185052,282.03545290816146
Decision Tree,267.3503839364519,391.0894173864138
Gradient Boosting,265.01844559164283,353.8546109979671
KNN,346.4188928361283,496.4045500998687
SVR,1373.9803898680825,1856.0918704013902
