model,MAE,RMSE
Linear Regression,447.58968457973106,601.1667751435976
Random Forest,191.84891666507684,267.37529577168584
Decision Tree,262.1403577220261,373.39758528276724
Gradient Boosting,275.3847576723227,365.1494973713339
KNN,331.3751967948107,464.98527338853944
SVR,1264.8170902180907,1748.0591248963392
